,Rhythm Group,ACC,F1-score,Precision,Recall,specificity
0,AFIB,0.9685446009389671,0.9123595505617977,0.9354838709677419,0.9237770193401593,0.9833827893175074
1,SB,0.992018779342723,0.9897172236503856,0.9884467265725289,0.9890815671162492,0.9933431952662722
2,SR,0.9877934272300469,0.9730337078651685,0.9686800894854586,0.9708520179372196,0.9916913946587537
3,GSVT,0.971830985915493,0.9437229437229437,0.9276595744680851,0.9356223175965664,0.9796163069544365
4,macro avg,,0.9548332304975486,0.9550675653734535,0.9547083564500738,
5,micro avg,,0.960093896713615,0.960093896713615,0.960093896713615,
6,weighted avg,,0.9600342213776945,0.9600672483940642,0.960093896713615,
