,Rhythm Group,ACC,Recall,Precision,F1-score,specificity
0,AFIB,0.934400826446281,0.8655256723716381,0.8309859154929577,0.8479041916167664,0.9528487229862476
1,SB,0.9855371900826446,0.9921976592977894,0.9719745222929936,0.981981981981982,0.9811482433590403
2,SR,0.9576446280991735,0.8755656108597285,0.9347826086956522,0.9042056074766356,0.9819277108433735
3,GSVT,0.9715909090909091,0.9050632911392406,0.9196141479099679,0.912280701754386,0.9845679012345679
4,macro avg,,0.9095880584170991,0.9143392985978929,0.9115931207074424,
5,micro avg,,0.9245867768595041,0.9245867768595041,0.9245867768595041,
6,weighted avg,,0.9245867768595041,0.9251516688341734,0.9245230055653204,
