,Rhythm Group,ACC,Recall,Precision,F1-score,specificity
0,AFIB,0.931301652892562,0.8288508557457213,0.8432835820895522,0.8360049321824906,0.9587426326129665
1,SB,0.9834710743801653,0.988296488946684,0.9706257982120051,0.979381443298969,0.9802913453299057
2,SR,0.9622933884297521,0.8981900452488688,0.9341176470588235,0.9158016147635526,0.9812583668005355
3,GSVT,0.9679752066115702,0.9177215189873418,0.8895705521472392,0.9034267912772586,0.9777777777777777
