,Rhythm Group,ACC,Recall,Precision,F1-score,specificity
0,AFIB,0.9349173553719008,0.8288508557457213,0.8582278481012658,0.8432835820895522,0.9633267845448592
1,SB,0.8858471074380165,0.9960988296488946,0.7784552845528455,0.8739304050199657,0.8131962296486718
2,SR,0.8997933884297521,0.6244343891402715,0.9078947368421053,0.7399463806970509,0.9812583668005355
3,GSVT,0.9488636363636364,0.7436708860759493,0.9288537549407114,0.8260105448154657,0.9888888888888889
4,macro avg,,0.7982637401527092,0.868357906109232,0.8207927281555087,
5,micro avg,,0.8347107438016529,0.8347107438016529,0.8347107438016529,
6,weighted avg,,0.8347107438016529,0.8494083491425781,0.8290449891346923,
