,Rhythm Group,ACC,F1-score,Precision,Recall,specificity
0,AFIB,0.9616858237547893,0.8967889908256881,0.9178403755868545,0.9071925754060325,0.9788135593220338
1,SB,0.9918582375478927,0.9909677419354839,0.987146529562982,0.9890534449452673,0.9923838537699924
2,SR,0.9837164750957854,0.9617117117117117,0.9617117117117117,0.9617117117117117,0.9896593673965937
3,GSVT,0.9707854406130269,0.9376443418013857,0.9227272727272727,0.9301260022909508,0.9794561933534743
4,macro avg,,0.9470209335884905,0.9473564723972052,0.9467781965685673,
5,micro avg,,0.9540229885057471,0.9540229885057471,0.9540229885057471,
6,weighted avg,,0.9539257383628323,0.9539070274224563,0.9540229885057471,
