,Rhythm Group,ACC,F1-score,Precision,Recall,specificity
0,AFIB,0.9640804597701149,0.8990825688073395,0.9267139479905437,0.9126891734575088,0.9812348668280871
1,SB,0.9923371647509579,0.9922580645161291,0.9871630295250321,0.9897039897039898,0.9923838537699924
2,SR,0.9832375478927203,0.9617117117117117,0.9595505617977528,0.9606299212598425,0.9890510948905109
3,GSVT,0.9722222222222222,0.9422632794457275,0.9251700680272109,0.9336384439359267,0.980060422960725
4,macro avg,,0.949165382089317,0.9496494018351349,0.948828906120227,
5,micro avg,,0.9559386973180076,0.9559386973180076,0.9559386973180076,
6,weighted avg,,0.9558133155707338,0.9558130833811119,0.9559386973180076,
