,Rhythm Group,ACC,F1-score,Precision,Recall,specificity
0,AFIB,0.9479659413434248,0.8848758465011287,0.8691796008869179,0.8769574944071589,0.964691801316577
1,SB,0.9824976348155157,0.9781491002570694,0.9743918053777209,0.9762668377164849,0.9850299401197605
2,SR,0.97918637653737,0.9415730337078652,0.9588100686498856,0.9501133786848072,0.9892150988615938
3,GSVT,0.966414380321665,0.9174107142857143,0.9235955056179775,0.9204927211646137,0.9795918367346939
4,macro avg,,0.9309576079932662,0.9314942451331254,0.9305021736879444,
5,micro avg,,0.9380321665089877,0.9380321665089877,0.9380321665089877,
6,weighted avg,,0.9381310134164063,0.9382992690836445,0.9380321665089877,
