,Rhythm Group,ACC,Recall,Precision,F1-score,specificity
0,AFIB,0.9478305785123967,0.8655256723716381,0.885,0.8751545117428925,0.9698755730189915
1,SB,0.9757231404958677,0.9908972691807543,0.9501246882793017,0.9700827498408657,0.9657240788346186
2,SR,0.9457644628099173,0.8733031674208145,0.8873563218390804,0.8802736602052452,0.9672021419009371
3,GSVT,0.956095041322314,0.8386075949367089,0.8862876254180602,0.8617886178861789,0.9790123456790123
