,Rhythm Group,ACC,Recall,Precision,F1-score,specificity
0,0,0.952995867768595,0.8948655256723717,0.8840579710144928,0.8894289185905226,0.9685658153241651
1,1,0.9659090909090909,0.9869960988296489,0.9312883435582822,0.9583333333333334,0.9520137103684662
2,2,0.9731404958677686,0.4050632911392405,0.8648648648648649,0.5517241379310345,0.9973074851911685
3,3,0.9467975206611571,0.8484848484848485,0.8651685393258427,0.8567454798331016,0.9694850603941513
4,4,0.9597107438016529,0.8734177215189873,0.8789808917197452,0.8761904761904762,0.9765432098765432
