,Rhythm Group,ACC,Recall,Precision,F1-score,specificity
0,AFIB,0.925103305785124,0.863080684596577,0.7986425339366516,0.8296122209165688,0.9417157825802227
1,SB,0.9721074380165289,0.9700910273081924,0.9601029601029601,0.9650711513583442,0.9734361610968295
2,SR,0.9535123966942148,0.8597285067873304,0.9313725490196079,0.8941176470588235,0.9812583668005355
3,GSVT,0.9664256198347108,0.8860759493670886,0.9061488673139159,0.8959999999999999,0.9820987654320987
4,macro avg,,0.8947440420147971,0.8990667275932838,0.896200254833434,
5,micro avg,,0.9085743801652892,0.9085743801652892,0.9085743801652892,
6,weighted avg,,0.9085743801652892,0.910626901568766,0.9089809471846297,
