,Rhythm Group,ACC,Recall,Precision,F1-score,specificity
0,AFIB,0.9359504132231405,0.8728606356968215,0.8321678321678322,0.8520286396181384,0.9528487229862476
1,SB,0.9752066115702479,0.9713914174252276,0.9663648124191462,0.9688715953307394,0.9777206512425022
2,SR,0.9555785123966942,0.9140271493212669,0.8938053097345132,0.9038031319910514,0.9678714859437751
3,GSVT,0.9659090909090909,0.8417721518987342,0.9432624113475178,0.8896321070234114,0.9901234567901235
