,Rhythm Group,ACC,Recall,Precision,F1-score,specificity
0,AFIB,0.9591942148760331,0.9242053789731052,0.8873239436619719,0.9053892215568862,0.9685658153241651
1,SB,0.9808884297520661,0.9856957087126138,0.9668367346938775,0.9761751448808758,0.9777206512425022
2,SR,0.9612603305785123,0.8868778280542986,0.9400479616306955,0.9126891734575088,0.9832663989290495
3,GSVT,0.9715909090909091,0.9018987341772152,0.9223300970873787,0.9120000000000001,0.9851851851851852
