,Rhythm Group,ACC,Recall,Precision,F1-score,specificity
0,AFIB,0.9555785123966942,0.9193154034229829,0.8764568764568764,0.8973747016706445,0.9652914210870989
1,SB,0.9746900826446281,0.9856957087126138,0.9522613065326633,0.9686900958466453,0.9674378748928878
2,SR,0.9638429752066116,0.8936651583710408,0.9449760765550239,0.9186046511627907,0.9846050870147256
3,GSVT,0.9674586776859504,0.8639240506329114,0.931740614334471,0.896551724137931,0.9876543209876543
4,macro avg,,0.9156500802848873,0.9263587184697586,0.9203052932045028,
5,micro avg,,0.9307851239669421,0.9307851239669421,0.9307851239669421,
6,weighted avg,,0.9307851239669421,0.9312341255999452,0.9304145337453015,
