,Rhythm Group,ACC,Recall,Precision,F1-score,specificity
0,AFIB,0.9555785123966942,0.8777506112469438,0.9088607594936708,0.8930348258706468,0.9764243614931237
1,SB,0.9710743801652892,0.9895968790637191,0.9406674907292955,0.9645120405576679,0.9588688946015425
2,SR,0.9452479338842975,0.832579185520362,0.92,0.8741092636579573,0.9785809906291834
3,GSVT,0.9669421487603306,0.9240506329113924,0.8795180722891566,0.9012345679012346,0.9753086419753086
4,macro avg,,0.9059943271856044,0.9122615806280306,0.9082226744968765,
5,micro avg,,0.9194214876033058,0.9194214876033058,0.9194214876033058,
6,weighted avg,,0.9194214876033058,0.9192484823590461,0.9184439157869567,
