,Rhythm Group,ACC,Recall,Precision,F1-score,specificity
0,AFIB,0.9493801652892562,0.863080684596577,0.8936708860759494,0.8781094527363185,0.9724950884086444
1,SB,0.9746900826446281,0.9843953185955787,0.9534005037783375,0.9686500319897633,0.9682947729220223
2,SR,0.9519628099173554,0.8733031674208145,0.9125295508274232,0.892485549132948,0.9752342704149933
3,GSVT,0.9607438016528925,0.8924050632911392,0.8703703703703703,0.88125,0.9740740740740741
