,Rhythm Group,ACC,Recall,Precision,F1-score,specificity
0,AFIB,0.9431818181818182,0.8801955990220048,0.8551068883610451,0.8674698795180723,0.9600523903077931
1,SB,0.984504132231405,0.9869960988296489,0.9743260590500642,0.9806201550387597,0.9828620394173093
2,SR,0.9643595041322314,0.918552036199095,0.9248291571753986,0.9216799091940976,0.9779116465863453
3,GSVT,0.9715909090909091,0.8829113924050633,0.9393939393939394,0.9102773246329527,0.9888888888888889
