,Rhythm Group,ACC,Recall,Precision,F1-score,specificity
0,AFIB,0.9514462809917356,0.9119804400977995,0.8654292343387471,0.8880952380952382,0.9620170268500328
1,SB,0.9912190082644629,0.9908972691807543,0.9870466321243523,0.9889682024659312,0.9914310197086547
2,SR,0.9705578512396694,0.918552036199095,0.9508196721311475,0.9344073647871116,0.9859437751004017
3,GSVT,0.9710743801652892,0.8955696202531646,0.9248366013071896,0.9099678456591639,0.9858024691358025
4,macro avg,,0.9292498414327033,0.9320330349753592,0.9303596627518612,
5,micro avg,,0.9421487603305785,0.9421487603305785,0.9421487603305785,
6,weighted avg,,0.9421487603305785,0.9429287593198417,0.9423065054449652,
