,Rhythm Group,ACC,F1-score,Precision,Recall,specificity
0,AFIB,0.9636015325670498,0.9105504587155964,0.9147465437788018,0.9126436781609195,0.9776029055690073
1,SB,0.9885057471264368,0.984516129032258,0.984516129032258,0.984516129032258,0.9908606245239908
2,SR,0.9870689655172413,0.9707207207207207,0.9685393258426966,0.9696287964004499,0.9914841849148418
3,GSVT,0.9717432950191571,0.9330254041570438,0.9308755760368663,0.9319492502883506,0.9818731117824774
4,macro avg,,0.9496844634704944,0.9496693936726557,0.9497031781564047,
5,micro avg,,0.9554597701149425,0.9554597701149425,0.9554597701149425,
6,weighted avg,,0.955441501271464,0.9554262826559761,0.9554597701149425,
