,Rhythm Group,ACC,F1-score,Precision,Recall,specificity
0,AFIB,0.9708920187793427,0.9393258426966292,0.9227373068432672,0.9309576837416481,0.9792284866468842
1,SB,0.9938967136150235,0.9948586118251928,0.9885057471264368,0.9916720051249198,0.9933431952662722
2,SR,0.9873239436619718,0.9707865168539326,0.968609865470852,0.9696969696969697,0.9916913946587537
3,GSVT,0.9746478873239437,0.9264069264069265,0.9553571428571429,0.9406593406593406,0.988009592326139
4,macro avg,,0.9582464998057196,0.9588025155744248,0.9578444744456702,
5,micro avg,,0.9633802816901409,0.9633802816901409,0.9633802816901409,
6,weighted avg,,0.9633318103999944,0.9634187619456107,0.9633802816901409,
