,Rhythm Group,ACC,Recall,Precision,F1-score,specificity
0,AFIB,0.9607438016528925,0.9242053789731052,0.8936170212765957,0.908653846153846,0.9705304518664047
1,SB,0.9803719008264463,0.9856957087126138,0.9656050955414013,0.9755469755469756,0.9768637532133676
2,SR,0.9612603305785123,0.8710407239819005,0.9553349875930521,0.9112426035502958,0.9879518072289156
3,GSVT,0.9705578512396694,0.9240506329113924,0.8984615384615384,0.9110764430577224,0.9796296296296296
