,Rhythm Group,ACC,Recall,Precision,F1-score,specificity
0,AFIB,0.9586776859504132,0.9070904645476773,0.8983050847457628,0.9026763990267641,0.9724950884086444
1,SB,0.9783057851239669,0.9856957087126138,0.9607097591888466,0.9730423620025674,0.9734361610968295
2,SR,0.9659090909090909,0.8891402714932126,0.9585365853658536,0.9225352112676056,0.9886211512717537
3,GSVT,0.9752066115702479,0.9367088607594937,0.9135802469135802,0.9249999999999999,0.9827160493827161
4,macro avg,,0.9296588263782494,0.9327829190535109,0.9308134930742342,
5,micro avg,,0.9390495867768595,0.9390495867768595,0.9390495867768595,
6,weighted avg,,0.9390495867768595,0.9393373518768794,0.9388041254970053,
