,Rhythm Group,ACC,Recall,Precision,F1-score,specificity
0,AFIB,0.9751677852348993,0.9514563106796117,0.930379746835443,0.9407999999999999,0.9813717188823031
1,SB,0.9892617449664429,0.9830508474576272,0.9897610921501706,0.9863945578231292,0.9933333333333333
2,SR,0.9798657718120806,0.9694656488549618,0.9548872180451128,0.962121212121212,0.98359161349134
3,GSVT,0.9859060402684564,0.9242424242424242,0.9682539682539683,0.9457364341085271,0.9953560371517027
