,Rhythm Group,ACC,Recall,Precision,F1-score,specificity
0,AFIB,0.9638429752066116,0.9339853300733496,0.8988235294117647,0.9160671462829736,0.9718402095612312
1,SB,0.9922520661157025,0.9934980494148244,0.9870801033591732,0.9902786779001945,0.9914310197086547
2,SR,0.9798553719008265,0.9524886877828054,0.958997722095672,0.9557321225879681,0.9879518072289156
3,GSVT,0.9783057851239669,0.9050632911392406,0.959731543624161,0.9315960912052117,0.9925925925925926
