,Rhythm Group,ACC,Recall,Precision,F1-score,specificity
0,AFIB,0.9638429752066116,0.9168704156479217,0.9124087591240876,0.9146341463414633,0.9764243614931237
1,SB,0.9912190082644629,0.9908972691807543,0.9870466321243523,0.9889682024659312,0.9914310197086547
2,SR,0.9777892561983471,0.9547511312217195,0.9483146067415731,0.9515219842164602,0.9846050870147256
3,GSVT,0.9793388429752066,0.9240506329113924,0.948051948051948,0.9358974358974359,0.9901234567901235
4,macro avg,,0.946642362240447,0.9489554865104902,0.9477554422303227,
5,micro avg,,0.956095041322314,0.956095041322314,0.956095041322314,
6,weighted avg,,0.956095041322314,0.9560710301392406,0.9560527997506325,
