,Rhythm Group,ACC,Recall,Precision,F1-score,specificity
0,AFIB,0.974496644,0.951456311,0.927444795,0.939297125,0.980524979
1,SB,0.991275168,0.986440678,0.991482112,0.98895497,0.994444444
2,SR,0.979865772,0.96437659,0.959493671,0.961928934,0.985414768
3,GSVT,0.984563758,0.924242424,0.958115183,0.940874036,0.99380805
4,macro avg,,0.956629001,0.95913394,0.957763766,
5,micro avg,,0.965100671,0.965100671,0.965100671,
6,weighted avg,,0.965100671,0.965330676,0.965139177,
